time,steering angle,acceleration_x,acceleration_y,acceleration_z,roll,pitch,yaw,omega_x,omega_y,omega_z,lat,lon,runtime,loop_dt,receiver_angle,imu_body_acceleration_raw_x,imu_body_acceleration_raw_y,imu_body_acceleration_raw_z,imu_body_acceleration_filtered_x,imu_body_acceleration_filtered_y,imu_body_acceleration_filtered_z,imu_body_acceleration_x,imu_body_acceleration_y,imu_body_acceleration_z,imu_acceleration_raw_x,imu_acceleration_raw_y,imu_acceleration_raw_z,imu_acceleration_x,imu_acceleration_y,imu_acceleration_z,imu_velocity_x,imu_velocity_y,imu_velocity_z,imu_position_x,imu_position_y,imu_position_z,imu_absolute_roll,imu_absolute_pitch,imu_absolute_yaw,imu_relative_roll,imu_relative_pitch,imu_relative_yaw,imu_initial_roll,imu_initial_pitch,imu_initial_yaw,imu_quaternion_w,imu_quaternion_x,imu_quaternion_y,imu_quaternion_z,imu_angular_velocity_raw_x,imu_angular_velocity_raw_y,imu_angular_velocity_raw_z,imu_angular_velocity_filtered_x,imu_angular_velocity_filtered_y,imu_angular_velocity_filtered_z,imu_angular_velocity_x,imu_angular_velocity_y,imu_angular_velocity_z,imu_filter_gyro_enabled,imu_gyro_filter_window_size,imu_filter_linear_acceleration_enabled,imu_linear_acceleration_filter_window_size,imu_low_pass_linear_acceleration_enabled,imu_linear_acceleration_low_pass_cutoff_hz
0.00028657913208,0,-0.07,-0.12,0.03,321.75,0.25,-2.25,0.0,0.0065449846949787,-0.0010908307824964,,,0.00028657913208,0.00028657913208,0,-0.07,-0.12,0.03,-0.07,-0.12,0.03,-0.07,-0.12,0.03,-0.0724893449721977,-0.07287547925173331,0.09815528202461599,-0.0724893449721977,-0.07287547925173331,0.09815528202461599,-1.0386966783590064e-05,-1.044229579693789e-05,1.4064627765841037e-05,-1.4883439628925149e-09,-1.4962720332045463e-09,2.015314409081497e-09,321.75,0.25,-2.25,0.0,0.0,0.0,321.75,0.25,-2.25,-0.9446357117950457,0.32752577631646906,-0.008493422956056025,0.017835347382407985,0.0,0.0065449846949787,-0.0010908307824964,0.0,0.0065449846949787,-0.0010908307824964,0.0,0.0065449846949787,-0.0010908307824964,True,3,True,5,True,2.0
1.01804780960083,0,-0.03,-0.06,-0.02,321.75,0.1875,-2.0625,0.0021816615649929,0.0043633231299858,0.0010908307824964,,,1.01804780960083,1.01776123046875,0,-0.03,-0.06,-0.02,-0.051450372093863904,-0.09217555814079585,0.006812965117329872,-0.051450372093863904,-0.09217555814079585,0.006812965117329872,-0.0320517058973171,-0.058385189505009094,0.02153735813734044,-0.05366602691360783,-0.06628067892113121,0.06258370361296998,-0.06420841022715368,-0.07082431368045625,0.08181101853116997,-0.032679702514006315,-0.036046435697444576,0.04163920067483756,321.75,0.1875,-2.0625,0.0,-0.0625,0.1875,321.75,0.25,-2.25,-0.9446613977190021,0.32754885069078343,-0.007442277818480274,0.016468350603518606,0.0021816615649929,0.0043633231299858,0.0010908307824964,0.00109083078249645,0.005454153912482249,0.0,0.00109083078249645,0.005454153912482249,0.0,True,3,True,5,True,2.0
2.0366225242614746,-1,-0.05,-0.07,0.0,321.75,0.1875,-2.0625,-0.0010908307824964,-0.0010908307824964,-0.0010908307824964,,,2.0366225242614746,1.0185747146606445,-1,-0.05,-0.07,0.0,-0.05010510104654,-0.0839740841344125,0.0035854844493256174,-0.05010510104654,-0.0839740841344125,0.0035854844493256174,-0.05180404337038667,-0.05314220367301539,0.043499968727055985,-0.0521866397482696,-0.06188843343408402,0.05496726384579286,-0.11811783509774873,-0.13609922220321696,0.14167824009986602,-0.12553615416748587,-0.1414299764570866,0.1554594545947508,321.75,0.1875,-2.0625,0.0,-0.0625,0.1875,321.75,0.25,-2.25,-0.9446613977190021,0.32754885069078343,-0.007442277818480274,0.016468350603518606,-0.0010908307824964,-0.0010908307824964,-0.0010908307824964,0.00036361026083216657,0.003272492347489366,-0.00036361026083213334,0.00036361026083216657,0.003272492347489366,-0.00036361026083213334,True,3,True,5,True,2.0
3.0571529865264893,-1,-0.05,-0.08,0.0,321.75,0.1875,-2.0625,-0.0032724923474893,-0.0021816615649929,0.0,,,3.0571529865264893,1.0205304622650146,-1,-0.05,-0.08,0.0,-0.050007602595421266,-0.08260662943576472,0.002578519666320869,-0.050007602595421266,-0.08260662943576472,0.002578519666320869,-0.0520664294814523,-0.060991014549806315,0.04969087507016021,-0.05207834718328824,-0.061441561822024884,0.05332958412810028,-0.17132063275340795,-0.1990302307381464,0.1969383562621866,-0.2732265408641951,-0.3124348842215221,0.3282437304027365,321.75,0.1875,-2.0625,0.0,-0.0625,0.1875,321.75,0.25,-2.25,-0.9446613977190021,0.32754885069078343,-0.007442277818480274,0.016468350603518606,-0.0032724923474893,-0.0021816615649929,0.0,-0.0007272205216642668,0.00036361026083216635,0.0,-0.0007272205216642668,0.00036361026083216635,0.0,True,3,True,5,True,2.0
4.073740482330322,-2,-0.03,-0.1,-0.01,321.75,0.1875,-2.0625,0.0021816615649929,0.0032724923474893,0.0010908307824964,,,4.073740482330322,1.016587495803833,-2,-0.03,-0.1,-0.01,-0.04629093694015386,-0.08575365400504163,0.00018719087134613658,-0.04629093694015386,-0.08575365400504163,0.00018719087134613658,-0.03285275790399616,-0.08359442915068473,0.05415411076799777,-0.048506105475901354,-0.06552463955502162,0.053387773892355155,-0.22244708117621032,-0.26356635709295484,0.2511821221365945,-0.4733762079802505,-0.5475698376168306,0.5560205678796528,321.75,0.1875,-2.0625,0.0,-0.0625,0.1875,321.75,0.25,-2.25,-0.9446613977190021,0.32754885069078343,-0.007442277818480274,0.016468350603518606,0.0021816615649929,0.0032724923474893,0.0010908307824964,-0.0007272205216642668,-1.4456028966473392e-19,0.0,-0.0007272205216642668,-1.4456028966473392e-19,0.0,True,3,True,5,True,2.0
5.092809438705444,-2,-0.55,-0.54,-0.8,314.0625,29.4375,3.5625,-0.1167188937271207,-4.485496177625427,0.6446809924554054,,,5.092809438705444,1.019068956375122,-2,-0.55,-0.54,-0.8,-0.1350675738356095,-0.1638978446287312,-0.15396268197231547,-0.1350675738356095,-0.1638978446287312,-0.15396268197231547,-0.5015746666812864,-0.983471261327869,0.12372199434913428,-0.09819548386995641,-0.23116460413466877,0.07570226653606156,-0.2971965989528378,-0.4147397560602434,0.31695794852549897,-0.7381525793782688,-0.8931901890337782,0.8455075223219066,314.0625,29.4375,3.5625,-7.6875,29.1875,5.8125,321.75,0.25,-2.25,-0.8869919939324505,0.3845125689742105,-0.22208614619110134,-0.12677945681605282,-0.1167188937271207,-4.485496177625427,0.6446809924554054,-0.039269908169872365,-1.4948017822809767,0.21525727441263395,-0.039269908169872365,-1.4948017822809767,0.21525727441263395,True,3,True,5,True,2.0
6.109950542449951,-1,-0.39,-0.17,-0.84,309.0625,31.25,11.0,-0.0719948316447661,3.00414797499524,0.1614429558094754,,,6.109950542449951,1.0171411037445068,-1,-0.39,-0.17,-0.84,-0.20827269398123777,-0.18996091858037084,-0.3172268009478521,-0.20827269398123777,-0.18996091858037084,-0.3172268009478521,-0.38474190891752313,-0.8483529422267846,-0.13737157252378768,-0.1316323370361888,-0.39845829001734234,0.06324102978727925,-0.41408026066667347,-0.734947418810537,0.38762041741561043,-1.099887044408927,-1.477887230038263,1.2038353307258272,309.0625,31.25,11.0,-12.6875,31.0,13.25,321.75,0.25,-2.25,-0.8543525876370979,0.4355272917397076,-0.20235373147366667,-0.1986217548667672,-0.0719948316447661,3.00414797499524,0.1614429558094754,-0.06217735460229797,-0.49269190342756586,0.2690715930157924,-0.06217735460229797,-0.49269190342756586,0.2690715930157924,True,3,True,5,True,2.0
7.126018047332764,-1,-0.01,-0.08,0.01,319.875,0.0625,-1.9375,0.0,-0.0021816615649929,-0.0021816615649929,,,7.126018047332764,1.0160675048828125,-1,-0.01,-0.08,0.01,-0.20616506737539572,-0.19370663865243104,-0.3272175349137039,-0.20616506737539572,-0.19370663865243104,-0.3272175349137039,-0.011780003791074056,-0.054359452208136344,0.05921386211279942,-0.21832108479660378,-0.35181348191911666,-0.1251430776835361,-0.5918684107400974,-1.1161108024582793,0.3561720877390674,-1.610942922707156,-2.4182872841769747,1.5817070281573522,319.875,0.0625,-1.9375,-1.875,-0.1875,0.3125,321.75,0.25,-2.25,-0.9391877380150264,0.34298723939249337,-0.0063121310200822765,0.015694055502640848,0.0,-0.0021816615649929,-0.0021816615649929,-0.06290457512396226,-0.4945099547317266,0.267980762233296,-0.06290457512396226,-0.4945099547317266,0.267980762233296,True,3,True,5,True,2.0
8.13824987411499,-2,0.0,-0.05,0.0,320.0625,0.0,-1.8125,0.0,0.0010908307824964,-0.0010908307824964,,,8.13824987411499,1.0122318267822266,-2,0.0,-0.05,0.0,-0.1967408897882321,-0.18841593332799253,-0.32794296935075035,-0.1967408897882321,-0.18841593332799253,-0.32794296935075035,-0.001212562110753234,-0.03831807723575791,0.03209758012813516,-0.20787038725943444,-0.3485902305494929,-0.1304947740684475,-0.8075706968992424,-1.4705962671368562,0.22678970290227018,-2.319221324905285,-3.727460895380367,1.8767532672999117,320.0625,0.0,-1.8125,-1.6875,-0.25,0.4375,321.75,0.25,-2.25,-0.9397614575330316,0.341464851548074,-0.005401415830236126,0.014865490226451753,0.0,0.0010908307824964,-0.0010908307824964,-0.023998277214922033,1.0010190480709145,0.05272348782066205,-0.023998277214922033,1.0010190480709145,0.05272348782066205,True,3,True,5,True,2.0
9.152281761169434,-2,-0.04,-0.07,0.02,320.1875,0.0,-1.8125,0.0,-0.0043633231299858,0.0010908307824964,,,9.152281761169434,1.0140318870544434,-2,-0.04,-0.07,0.02,-0.19790837970957162,-0.18246686117655617,-0.32243244552608163,-0.19790837970957162,-0.18246686117655617,-0.32243244552608163,-0.04127564677564406,-0.03967887601071482,0.060182287940710476,-0.2087721314086966,-0.34017395210723755,-0.13084511289931688,-1.0188150966153229,-1.819810689074314,0.09428621353001165,-3.2452280412487857,-5.395749682872307,2.0395438760136924,320.1875,0.0,-1.8125,-1.5625,-0.25,0.4375,321.75,0.25,-2.25,-0.9401333787138048,0.34043952786878634,-0.005385196885512205,0.01487137341162973,0.0,-0.0043633231299858,0.0010908307824964,0.0,-0.001818051304160721,-0.0007272205216642865,0.0,-0.001818051304160721,-0.0007272205216642865,True,3,True,5,True,2.0
10.168168544769289,0,-0.04,-0.05,0.03,320.125,0.0,-9.8125,-0.0032724923474893,-0.0021816615649929,-0.0010908307824964,,,10.168168544769289,1.0158867835998553,0,-0.04,-0.05,0.03,-0.1034028989522371,-0.09115289778437659,-0.16809010073670677,-0.1034028989522371,-0.09115289778437659,-0.16809010073670677,-0.04267655019249849,-0.012041837632886212,0.05507909049803168,-0.13217801043869076,-0.15749759365506516,-0.07056042659469357,-1.1919984680999514,-2.072599662031131,-0.008016399327870308,-4.368196181947551,-7.3728737988899535,2.0833640580494777,320.125,0.0,-9.8125,-1.625,-0.25,-7.5625,321.75,0.25,-2.25,-0.9366207233926628,0.3397454798105435,-0.029163795341844056,0.08039964241815897,-0.0032724923474893,-0.0021816615649929,-0.0010908307824964,-0.0010908307824964334,-0.001818051304160721,-0.0003636102608321199,-0.0010908307824964334,-0.001818051304160721,-0.0003636102608321199,True,3,True,5,True,2.0
11.186359882354736,-1,-0.03,-0.07,0.0,320.125,0.0,-1.8125,0.0010908307824964,0.0021816615649929,0.0010908307824964,,,11.186359882354736,1.0181913375854474,-1,-0.03,-0.07,0.0,-0.029755931375967076,-0.06596831876880882,-0.00105476594695883,-0.029755931375967076,-0.06596831876880882,-0.00105476594695883,-0.03168412684812812,-0.05274540541395658,0.04487803821012108,-0.031363706051568636,-0.0503364673491242,0.04148379276245905,-1.27525684763207,-2.1784070823159665,-0.022819187674932875,-5.624265176992548,-9.537042920445717,2.067665794261669,320.125,0.0,-1.8125,-1.625,-0.25,0.4375,321.75,0.25,-2.25,-0.9399475579302505,0.3409522404213155,-0.005393307160069122,0.014868434030556316,0.0010908307824964,0.0021816615649929,0.0010908307824964,-0.0007272205216643001,-0.0014544410433285542,0.0003636102608321468,-0.0007272205216643001,-0.0014544410433285542,0.0003636102608321468,True,3,True,5,True,2.0
12.204566478729248,-2,-0.01,-0.08,0.02,320.125,0.0,-1.8125,0.0021816615649929,0.0032724923474893,0.0010908307824964,,,12.204566478729248,1.0182065963745117,-2,-0.01,-0.08,0.02,-0.02441724276993664,-0.06414268182185859,0.012908692297708052,-0.02441724276993664,-0.06414268182185859,0.012908692297708052,-0.011531312862247156,-0.04823271031012495,0.06663808580543518,-0.02570022723824968,-0.04015724759305417,0.05102953554830372,-1.304308284277454,-2.2244777310582466,0.02427965289435689,-6.937530293536531,-11.77856610047311,2.0684093219217656,320.125,0.0,-1.8125,-1.625,-0.25,0.4375,321.75,0.25,-2.25,-0.9399475579302505,0.3409522404213155,-0.005393307160069122,0.014868434030556316,0.0021816615649929,0.0032724923474893,0.0010908307824964,-1.4456028966473392e-19,0.0010908307824964792,0.0003636102608321468,-1.4456028966473392e-19,0.0010908307824964792,0.0003636102608321468,True,3,True,5,True,2.0
13.218279600143433,-2,-0.02,-0.07,0.0,320.125,0.0,-1.8125,0.0021816615649929,0.0021816615649929,-0.0010908307824964,,,13.218279600143433,1.0137131214141846,-2,-0.02,-0.07,0.0,-0.02773922142624545,-0.06771923692608237,0.013920566857351397,-0.02773922142624545,-0.06771923692608237,0.013920566857351397,-0.021689130009981003,-0.05306169358229207,0.04487803821012108,-0.029086840430020754,-0.04214721005040256,0.05409907610653715,-1.3320774689670203,-2.2661942853902715,0.07756477942964107,-8.273799709123201,-14.05469267399379,2.1200298406166733,320.125,0.0,-1.8125,-1.625,-0.25,0.4375,321.75,0.25,-2.25,-0.9399475579302505,0.3409522404213155,-0.005393307160069122,0.014868434030556316,0.0021816615649929,0.0021816615649929,-0.0010908307824964,0.001818051304160733,0.002545271825825079,0.0003636102608321468,0.001818051304160733,0.002545271825825079,0.0003636102608321468,True,3,True,5,True,2.0
14.235358715057371,0,-0.02,-0.07,-0.02,320.125,0.0,-1.8125,-0.0010908307824964,-0.0032724923474893,0.0010908307824964,,,14.235358715057371,1.0170791149139387,0,-0.02,-0.07,-0.02,-0.024271331782733906,-0.06797962678946017,0.006574745723958449,-0.024271331782733906,-0.06797962678946017,0.006574745723958449,-0.02209468408152298,-0.06587757501121795,0.029529138930538573,-0.02577596275241125,-0.04716378883761023,0.04862850247482611,-1.359977374618263,-2.3116124612408213,0.12980581678003358,-9.642816087929951,-16.382688491049095,2.225485991842729,320.125,0.0,-1.8125,-1.625,-0.25,0.4375,321.75,0.25,-2.25,-0.9399475579302505,0.3409522404213155,-0.005393307160069122,0.014868434030556316,-0.0010908307824964,-0.0032724923474893,0.0010908307824964,0.0010908307824964664,0.0007272205216643457,0.0003636102608321468,0.0010908307824964664,0.0007272205216643457,0.0003636102608321468,True,3,True,5,True,2.0
15.251190423965454,0,-0.05,-0.06,0.0,320.125,0.0,-1.8125,0.0,0.0021816615649929,0.0010908307824964,,,15.251190423965454,1.0158317089080828,0,-0.05,-0.06,0.0,-0.02587441857497044,-0.06985322727384181,0.00047763123598554974,-0.02587441857497044,-0.06985322727384181,0.00047763123598554974,-0.05143138676246713,-0.044442219088862304,0.0384668898943895,-0.027547361584039472,-0.052457245774893906,0.04515049572520687,-1.3870611364609413,-2.362211564157627,0.17743765678064735,-11.038080500502904,-18.756597814477175,2.38153982324173,320.125,0.0,-1.8125,-1.625,-0.25,0.4375,321.75,0.25,-2.25,-0.9399475579302505,0.3409522404213155,-0.005393307160069122,0.014868434030556316,0.0,0.0021816615649929,0.0010908307824964,0.00036361026083216635,0.0003636102608322123,0.0003636102608321468,0.00036361026083216635,0.0003636102608322123,0.0003636102608321468,True,3,True,5,True,2.0
16.266271114349365,0,-0.02,-0.07,-0.01,320.125,0.0,-1.8125,0.0054541539124822,0.0032724923474893,0.0,,,16.266271114349365,1.0150806903839111,0,-0.02,-0.07,-0.01,-0.024136263078285494,-0.06998933018284083,-0.0018198856629037248,-0.024136263078285494,-0.06998933018284083,-0.0018198856629037248,-0.02189190704575199,-0.05946963429675501,0.03720358857032983,-0.025859967758432557,-0.05408885601790483,0.04347453554507688,-1.4141675108312,-2.4162880094404016,0.22241843574421502,-12.459817055111152,-21.18187913756073,2.584482922468905,320.125,0.0,-1.8125,-1.625,-0.25,0.4375,321.75,0.25,-2.25,-0.9399475579302505,0.3409522404213155,-0.005393307160069122,0.014868434030556316,0.0054541539124822,0.0032724923474893,0.0,0.0014544410433285995,0.0007272205216643457,0.0007272205216642801,0.0014544410433285995,0.0007272205216643457,0.0007272205216642801,True,3,True,5,True,2.0
17.280117988586426,-1,0.01,-0.07,-0.03,320.125,0.0,-1.8125,-0.0054541539124822,-0.0010908307824964,-0.0010908307824964,,,17.280117988586426,1.0138468742370605,-1,0.01,-0.07,-0.03,-0.020301029841422732,-0.06814477989870175,-0.011259109455428596,-0.020301029841422732,-0.06814477989870175,-0.011259109455428596,0.007687529397147402,-0.07323438023068736,0.021854689290747322,-0.022173285669936798,-0.05884387596940562,0.03504788223688769,-1.4385166927550943,-2.4735362581025946,0.26222328965710573,-13.905909536606854,-23.660645662169227,2.8301591716803975,320.125,0.0,-1.8125,-1.625,-0.25,0.4375,321.75,0.25,-2.25,-0.9399475579302505,0.3409522404213155,-0.005393307160069122,0.014868434030556316,-0.0054541539124822,-0.0010908307824964,-0.0010908307824964,-2.8912057932946783e-19,0.001454441043328646,1.3444106938820255e-17,-2.8912057932946783e-19,0.001454441043328646,1.3444106938820255e-17,True,3,True,5,True,2.0
18.294713020324707,-1,-0.01,-0.07,-0.02,320.125,0.0,-1.8125,0.0043633231299858,0.0032724923474893,-0.0010908307824964,,,18.294713020324707,1.0145950317382812,-1,-0.01,-0.07,-0.02,-0.018167350336608323,-0.06801052961780228,-0.0156552023732266,-0.018167350336608323,-0.06801052961780228,-0.0156552023732266,-0.012099687243375857,-0.06619386317955343,0.029529138930538573,-0.020126557641024726,-0.0616253738523353,0.0315880530197118,-1.4599752981883989,-2.534650009275783,0.29602753408039556,-15.376307323379088,-26.20128611462022,3.1133584277943336,320.125,0.0,-1.8125,-1.625,-0.25,0.4375,321.75,0.25,-2.25,-0.9399475579302505,0.3409522404213155,-0.005393307160069122,0.014868434030556316,0.0043633231299858,0.0032724923474893,-0.0010908307824964,0.0014544410433285995,0.0018180513041607792,-0.0007272205216642532,0.0014544410433285995,0.0018180513041607792,-0.0007272205216642532,True,3,True,5,True,2.0
19.309600353240967,0,-0.02,-0.05,-0.02,320.125,0.0,-1.75,0.0,0.0054541539124822,-0.0010908307824964,,,19.309600353240967,1.0148873329162598,0,-0.02,-0.05,-0.02,-0.018012167880223605,-0.06429160170819896,-0.015974930099879107,-0.018012167880223605,-0.06429160170819896,-0.015974930099879107,-0.02155407710030888,-0.05055989696140377,0.01670684229907541,-0.019823313467932216,-0.05900417614570965,0.028958419745649788,-1.4802476072584576,-2.595862710409985,0.32675145821155793,-16.868304814723217,-28.804732299907638,3.429383683036062,320.125,0.0,-1.75,-1.625,-0.25,0.5,321.75,0.25,-2.25,-0.93995552759578,0.3409551313010191,-0.005207345767487676,0.014355769979396995,0.0,0.0054541539124822,-0.0010908307824964,-0.0003636102608321337,0.002545271825825079,-0.0010908307824963866,-0.0003636102608321337,0.002545271825825079,-0.0010908307824963866,True,3,True,5,True,2.0
20.323509454727173,-1,0.0,-0.07,0.0,320.125,0.0,-1.75,0.0032724923474893,0.0043633231299858,-0.0010908307824964,,,20.323509454727173,1.013909101486206,-1,0.0,-0.07,0.0,-0.00872862623488136,-0.065875672898225,-0.01599817556126178,-0.00872862623488136,-0.065875672898225,-0.01599817556126178,-0.0016405639719201876,-0.053696091443092495,0.04487803821012108,-0.010581682154726582,-0.06051769821363871,0.029956151667569722,-1.4956615581546886,-2.656454868529802,0.3566184682945691,-18.37695550872752,-31.467418598499158,3.775821177119323,320.125,0.0,-1.75,-1.625,-0.25,0.5,321.75,0.25,-2.25,-0.93995552759578,0.3409551313010191,-0.005207345767487676,0.014355769979396995,0.0032724923474893,0.0043633231299858,-0.0010908307824964,0.002545271825825033,0.004363323129985813,-0.0010908307824963866,0.002545271825825033,0.004363323129985813,-0.0010908307824963866,True,3,True,5,True,2.0
21.338460206985477,-2,-0.04,-0.05,0.0,320.125,0.0,-1.75,0.0,0.0010908307824964,0.0010908307824964,,,21.338460206985477,1.0149507522583043,-2,-0.04,-0.05,0.0,-0.011762155377039916,-0.06228178007937331,-0.014145276983646357,-0.011762155377039916,-0.06228178007937331,-0.014145276983646357,-0.04115317504198294,-0.037132810502387446,0.03205574157865792,-0.01349329036761032,-0.056480863506651185,0.029074051360474674,-1.5078790138907605,-2.715828757645376,0.3865748427792062,-19.90117839024545,-34.19372025236489,4.152973482193157,320.125,0.0,-1.75,-1.625,-0.25,0.5,321.75,0.25,-2.25,-0.93995552759578,0.3409551313010191,-0.005207345767487676,0.014355769979396995,0.0,0.0010908307824964,0.0010908307824964,0.0010908307824964332,0.003636102608321512,-0.00036361026083211995,0.0010908307824964332,0.003636102608321512,-0.00036361026083211995,True,3,True,5,True,2.0
22.350608110427856,-1,-0.01,-0.05,0.0,320.125,0.0,-1.75,0.0010908307824964,0.0010908307824964,0.0,,,22.350608110427856,1.0121479034423793,-1,-0.01,-0.05,0.0,-0.01569109725978169,-0.05831210526038745,-0.008447938296124412,-0.01569109725978169,-0.05831210526038745,-0.008447938296124412,-0.01116716731688155,-0.038048965898682126,0.03205574157865792,-0.017215817513796267,-0.04966484872894273,0.030901427841322507,-1.5234200934701363,-2.769546337694703,0.4169268705452317,-21.435239908356497,-36.96972570353664,4.559604769470002,320.125,0.0,-1.75,-1.625,-0.25,0.5,321.75,0.25,-2.25,-0.93995552759578,0.3409551313010191,-0.005207345767487676,0.014355769979396995,0.0010908307824964,0.0010908307824964,0.0,0.0014544410433285665,0.0021816615649929124,1.3371826793987888e-17,0.0014544410433285665,0.0021816615649929124,1.3371826793987888e-17,True,3,True,5,True,2.0
23.366252422332764,0,-0.01,-0.07,0.0,320.125,0.0,-1.75,0.0010908307824964,0.0010908307824964,-0.0021816615649929,,,23.366252422332764,1.0156443119049072,0,-0.01,-0.07,0.0,-0.015977555505750866,-0.05802267718543686,-0.004323181741402813,-0.015977555505750866,-0.05802267718543686,-0.004323181741402813,-0.011635899880287317,-0.05339070631099427,0.04487803821012108,-0.017414601589449345,-0.04679087498871939,0.033881394855358994,-1.5410061875606835,-2.8185286912669603,0.449825023235746,-22.991423469146927,-39.80747401236802,4.99976058484573,320.125,0.0,-1.75,-1.625,-0.25,0.5,321.75,0.25,-2.25,-0.93995552759578,0.3409551313010191,-0.005207345767487676,0.014355769979396995,0.0010908307824964,0.0010908307824964,-0.0021816615649929,0.0007272205216642666,0.001090830782496446,-0.00036361026083215324,0.0007272205216642666,0.001090830782496446,-0.00036361026083215324,True,3,True,5,True,2.0
24.3812358379364,0,-0.08,-0.1,0.02,320.125,0.0,-1.75,-0.0065449846949787,-0.0065449846949787,-0.0010908307824964,,,24.3812358379364,1.0149834156036377,0,-0.08,-0.1,0.02,-0.027125936486598484,-0.06727462224194007,0.003394882673066239,-0.027125936486598484,-0.06727462224194007,0.003394882673066239,-0.08191477620890568,-0.06144930480995503,0.07946038243689835,-0.02862350763985599,-0.048601609279768844,0.045736143718533934,-1.5643701462374304,-2.8669395860198335,0.4902302638575881,-24.567376208153483,-42.69280201806136,5.476830847920856,320.125,0.0,-1.75,-1.625,-0.25,0.5,321.75,0.25,-2.25,-0.93995552759578,0.3409551313010191,-0.005207345767487676,0.014355769979396995,-0.0065449846949787,-0.0065449846949787,-0.0010908307824964,-0.0014544410433286333,-0.0014544410433285874,-0.00109083078249642,-0.0014544410433286333,-0.0014544410433285874,-0.00109083078249642,True,3,True,5,True,2.0
25.395477771759037,-1,0.02,-0.05,-0.01,320.125,0.0,-1.75,0.0021816615649929,0.0065449846949787,-0.0010908307824964,,,25.395477771759037,1.0142419338226354,-1,0.02,-0.05,-0.01,-0.024227417908839262,-0.06423823508433175,0.002101480404974612,-0.024227417908839262,-0.06423823508433175,0.002101480404974612,0.018623053470689738,-0.04537327939238674,0.024381291938866664,-0.025680501407833903,-0.047189785171227384,0.04279685582034688,-1.5919088478128558,-2.915517410595606,0.5351272041873046,-26.167991463458144,-45.62520720130809,5.996811118545523,320.125,0.0,-1.75,-1.625,-0.25,0.5,321.75,0.25,-2.25,-0.93995552759578,0.3409551313010191,-0.005207345767487676,0.014355769979396995,0.0021816615649929,0.0065449846949787,-0.0010908307824964,-0.0010908307824964668,0.0003636102608321791,-0.0014544410433285533,-0.0010908307824964668,0.0003636102608321791,-0.0014544410433285533,True,3,True,5,True,2.0
26.410315990448,-1,-0.05,0.04,-0.04,320.125,0.0,-1.6875,0.0010908307824964,-0.0010908307824964,-0.0043633231299858,,,26.410315990448,1.0148382186889648,-1,-0.05,0.04,-0.04,-0.025871111496133678,-0.047326143846823106,-0.005410922803684798,-0.025871111496133678,-0.047326143846823106,-0.005410922803684798,-0.049829507760079904,0.006523422426462314,-0.056342391822091345,-0.0270316116601311,-0.03901012039594745,0.02618890728519535,-1.6186559812774683,-2.95925688990408,0.5701318986597683,-27.797093409527875,-48.6061799444675,6.5576407081070665,320.125,0.0,-1.6875,-1.625,-0.25,0.5625,321.75,0.25,-2.25,-0.939963217645274,0.3409579207540921,-0.005021382825835731,0.01384310165771277,0.0010908307824964,-0.0010908307824964,-0.0043633231299858,-0.0010908307824964668,-0.0003636102608320876,-0.002181661564992853,-0.0010908307824964668,-0.0003636102608320876,-0.002181661564992853,True,3,True,5,True,2.0
27.42260718345642,0,-0.05,-0.03,0.03,320.125,0.0625,-1.625,-0.0021816615649929,-0.0021816615649929,0.0010908307824964,,,27.42260718345642,1.0122911930084193,0,-0.05,-0.03,0.03,-0.03340755109600968,-0.04238817952577947,-0.00039435837791283734,-0.03340755109600968,-0.04238817952577947,-0.00039435837791283734,-0.05004125897030644,-0.0023717978962531465,0.042311310253950477,-0.03429445951366371,-0.03182370687520801,0.026909468215833555,-1.6496959021529882,-2.995109119660915,0.5970074076011411,-29.45135532315244,-51.619956080183165,7.148383128478004,320.125,0.0625,-1.625,-1.625,-0.1875,0.625,321.75,0.25,-2.25,-0.9399731255776635,0.34095328744466763,-0.005348092093673937,0.01314446208063911,-0.0021816615649929,-0.0021816615649929,0.0010908307824964,0.0003636102608321334,0.0010908307824965126,-0.0014544410433285863,0.0003636102608321334,0.0010908307824965126,-0.0014544410433285863,True,3,True,5,True,2.0
28.43725872039795,-1,-0.11,-0.01,0.04,320.125,0.0625,-1.625,0.0,0.0,-0.0076358154774751,,,28.43725872039795,1.0146515369415283,-1,-0.11,-0.01,0.04,-0.05250242042204329,-0.030900926584903336,0.007389522842308689,-0.05250242042204329,-0.030900926584903336,0.007389522842308689,-0.10940563962462634,0.021081124731694975,0.03722891615899006,-0.05299164158352005,-0.017481531946026065,0.02553935051874645,-1.6939783904689338,-3.0201229378355325,0.6236160448710457,-31.147687453172797,-54.671638306282524,7.767636859516894,320.125,0.0625,-1.625,-1.625,-0.1875,0.625,321.75,0.25,-2.25,-0.9399731255776635,0.34095328744466763,-0.005348092093673937,0.01314446208063911,0.0,0.0,-0.0076358154774751,-0.0003636102608321665,-0.0010908307824963874,-0.003636102608321486,-0.0003636102608321665,-0.0010908307824963874,-0.003636102608321486,True,3,True,5,True,2.0
29.45262336730957,-2,0.01,-0.02,-0.02,320.125,0.0625,-1.625,-0.0010908307824964,-0.0010908307824964,0.0010908307824964,,,29.45262336730957,1.015364646911621,-2,0.01,-0.02,-0.02,-0.03719935188302404,-0.015228314247610519,0.0005370508027861265,-0.03719935188302404,-0.015228314247610519,0.0005370508027861265,0.009194344343578003,-0.028443366148893378,-0.0025375094505639857,-0.03749492518059681,-0.010283443943763277,0.010215827194247202,-1.73991682092528,-3.0342187253059554,0.6417683165679537,-32.891015352597194,-57.74532054882151,8.410050132196892,320.125,0.0625,-1.625,-1.625,-0.1875,0.625,321.75,0.25,-2.25,-0.9399731255776635,0.34095328744466763,-0.005348092093673937,0.01314446208063911,-0.0010908307824964,-0.0010908307824964,0.0010908307824964,-0.0010908307824964332,-0.0010908307824963874,-0.001818051304160753,-0.0010908307824964332,-0.0010908307824963874,-0.001818051304160753,True,3,True,5,True,2.0
30.46750545501709,-2,-0.05,-0.01,0.02,320.125,0.0625,-1.625,0.0,0.0032724923474893,-0.0010908307824964,,,30.46750545501709,1.0148820877075195,-2,-0.05,-0.01,0.02,-0.04906927286377474,-0.006670984969930897,0.005602792373073388,-0.04906927286377474,-0.006670984969930897,0.005602792373073388,-0.04981015351728829,0.006562992670005941,0.021814576177354935,-0.04908347667840929,-0.00013573579046720395,0.008630223356300357,-1.7838502555398044,-3.0395058447463934,0.6513315761318443,-34.67911939617615,-60.8273776847291,9.066222091555662,320.125,0.0625,-1.625,-1.625,-0.1875,0.625,321.75,0.25,-2.25,-0.9399731255776635,0.34095328744466763,-0.005348092093673937,0.01314446208063911,0.0,0.0032724923474893,-0.0010908307824964,-0.0003636102608321333,0.0007272205216643459,-0.0025452718258250195,-0.0003636102608321333,0.0007272205216643459,-0.0025452718258250195,True,3,True,5,True,2.0
31.482401132583615,-1,-0.03,-0.04,0.0,320.125,0.0625,-1.625,-0.0010908307824964,-0.0032724923474893,0.0021816615649929,,,31.482401132583615,1.0148956775665248,-1,-0.03,-0.04,0.0,-0.04622316214352252,-0.020885450722686126,0.013389451854950472,-0.04622316214352252,-0.020885450722686126,0.013389451854950472,-0.030830476583660532,-0.029835512870570534,0.02567730292251076,-0.046389843337563186,-0.006131209735815541,0.02371604717704756,-1.8322979854433723,-3.042685992709478,0.6677456212066905,-36.514126005782956,-63.91377278771128,9.735584964533384,320.125,0.0625,-1.625,-1.625,-0.1875,0.625,321.75,0.25,-2.25,-0.9399731255776635,0.34095328744466763,-0.005348092093673937,0.01314446208063911,-0.0010908307824964,-0.0032724923474893,0.0021816615649929,-0.0007272205216642666,-0.0003636102608320874,0.0007272205216643136,-0.0007272205216642666,-0.0003636102608320874,0.0007272205216643136,True,3,True,5,True,2.0
32.495399475097656,-1,-0.04,-0.04,0.0,320.125,0.0625,-1.625,0.0,0.0021816615649929,-0.0021816615649929,,,32.495399475097656,1.0129983425140416,-1,-0.04,-0.04,0.0,-0.04416192342896625,-0.023773152624006096,0.008392539305846339,-0.04416192342896625,-0.023773152624006096,0.008392539305846339,-0.040826449004211895,-0.029551935056833126,0.025688211228172407,-0.04448528969581844,-0.011607167941711375,0.021730293041796727,-1.8783261650126517,-3.051670466302589,0.6907641548641997,-38.39355406283522,-67.00055928354577,10.42366904025785,320.125,0.0625,-1.625,-1.625,-0.1875,0.625,321.75,0.25,-2.25,-0.9399731255776635,0.34095328744466763,-0.005348092093673937,0.01314446208063911,0.0,0.0021816615649929,-0.0021816615649929,-0.0003636102608321332,0.0007272205216643457,-0.0003636102608321195,-0.0003636102608321332,0.0007272205216643457,-0.0003636102608321195,True,3,True,5,True,2.0
33.510544300079346,-1,-0.04,-0.02,-0.03,320.125,0.0625,-1.625,0.0010908307824964,-0.0032724923474893,0.0,,,33.510544300079346,1.0151448249816895,-1,-0.04,-0.02,-0.03,-0.031029457481846393,-0.025838126176599835,-0.00495377860602839,-0.031029457481846393,-0.025838126176599835,-0.00495377860602839,-0.04097569196716389,-0.03343380966983863,-0.010157412996088393,-0.031655422065446075,-0.022116497119119116,0.012797293754994325,-1.9169730897700867,-3.068787668335548,0.708289405392134,-40.31994326171,-70.10713498449326,11.133790031041062,320.125,0.0625,-1.625,-1.625,-0.1875,0.625,321.75,0.25,-2.25,-0.9399731255776635,0.34095328744466763,-0.005348092093673937,0.01314446208063911,0.0010908307824964,-0.0032724923474893,0.0,1.4456028966473392e-19,-0.001454441043328521,1.380550766298209e-17,1.4456028966473392e-19,-0.001454441043328521,1.380550766298209e-17,True,3,True,5,True,2.0
34.5254852771759,-1,0.01,-0.06,0.0,320.125,0.0625,-1.625,0.0054541539124822,-0.0010908307824964,0.0,,,34.5254852771759,1.0149409770965576,-1,0.01,-0.06,0.0,-0.030074847183773824,-0.03340658717744885,-0.002214755843782948,-0.030074847183773824,-0.03340658717744885,-0.002214755843782948,0.00873213343754171,-0.04631294728141155,0.038455958702627094,-0.03080852903004668,-0.026194502327974135,0.019750550124336724,-1.9486717015491721,-3.0933040748272203,0.7248064756267713,-42.281643912514895,-73.23421469187538,11.861043897918252,320.125,0.0625,-1.625,-1.625,-0.1875,0.625,321.75,0.25,-2.25,-0.9399731255776635,0.34095328744466763,-0.005348092093673937,0.01314446208063911,0.0054541539124822,-0.0010908307824964,0.0,0.002181661564992867,-0.0007272205216642208,-0.0007272205216642862,0.002181661564992867,-0.0007272205216642208,-0.0007272205216642862,True,3,True,5,True,2.0
35.539865016937256,0,-0.04,-0.04,0.0,320.125,0.0625,-1.625,-0.0010908307824964,0.0032724923474893,0.0010908307824964,,,35.539865016937256,1.0143797397613525,0,-0.04,-0.04,0.0,-0.02815093011958999,-0.039520376925300166,-0.005724650876631737,-0.02815093011958999,-0.039520376925300166,-0.005724650876631737,-0.040826449004211895,-0.029551935056833126,0.025688211228172407,-0.029080916753164966,-0.03318854927250625,0.020974440744798678,-1.979047021763185,-3.1234225570415854,0.7454617784465798,-44.27374306071958,-76.38727546337665,12.606749062391405,320.125,0.0625,-1.625,-1.625,-0.1875,0.625,321.75,0.25,-2.25,-0.9399731255776635,0.34095328744466763,-0.005348092093673937,0.01314446208063911,-0.0010908307824964,0.0032724923474893,0.0010908307824964,0.0018180513041607335,-0.0003636102608320874,0.000363610260832147,0.0018180513041607335,-0.0003636102608320874,0.000363610260832147,True,3,True,5,True,2.0
36.55590605735779,-1,-0.02,-0.03,0.01,320.125,0.0625,-1.625,0.0021816615649929,0.0021816615649929,-0.0021816615649929,,,36.55590605735779,1.0160410404205322,-1,-0.02,-0.03,0.01,-0.02615622735333466,-0.03811042872148538,-0.004125265641793049,-0.02615622735333466,-0.03811042872148538,-0.004125265641793049,-0.020433690124622487,-0.016039196516729956,0.026929695189300287,-0.027026902062199782,-0.031138524918350063,0.02129576610830569,-2.00755094506563,-3.1561020307356284,0.7669359109214894,-46.29901663369714,-79.57740281113239,13.375078123308976,320.125,0.0625,-1.625,-1.625,-0.1875,0.625,321.75,0.25,-2.25,-0.9399731255776635,0.34095328744466763,-0.005348092093673937,0.01314446208063911,0.0021816615649929,0.0021816615649929,-0.0021816615649929,0.0021816615649929002,0.001454441043328646,-0.0003636102608321529,0.0021816615649929002,0.001454441043328646,-0.0003636102608321529,True,3,True,5,True,2.0
37.56895971298218,-1,-0.03,-0.01,0.01,320.125,0.0625,-1.625,-0.0021816615649929,-0.0010908307824964,0.0,,,37.56895971298218,1.0130536556243896,-1,-0.03,-0.01,0.01,-0.0241570403007838,-0.032445028935773425,-0.0021547853268424886,-0.0241570403007838,-0.032445028935773425,-0.0021547853268424886,-0.030008382884170633,-0.0004124955471011705,0.014118314492199018,-0.024871710859734393,-0.0255862217737819,0.01917364996014745,-2.03383898483683,-3.1848346367360443,0.7874347558660548,-48.346089054842786,-82.78925734666484,14.162408566401197,320.125,0.0625,-1.625,-1.625,-0.1875,0.625,321.75,0.25,-2.25,-0.9399731255776635,0.34095328744466763,-0.005348092093673937,0.01314446208063911,-0.0021816615649929,-0.0010908307824964,0.0,-0.0003636102608321331,0.001454441043328646,-0.0003636102608321529,-0.0003636102608321331,0.001454441043328646,-0.0003636102608321529,True,3,True,5,True,2.0
38.583290576934814,-2,-0.03,-0.03,-0.01,320.125,0.0625,-1.625,-0.0010908307824964,0.0032724923474893,0.0,,,38.583290576934814,1.0143308639526367,-2,-0.03,-0.03,-0.01,-0.02215691608482061,-0.03388688205254248,0.0016977559267106171,-0.02215691608482061,-0.03388688205254248,0.0016977559267106171,-0.030810010961143993,-0.02857228388225714,0.01159171334729667,-0.02282949798113992,-0.02428023078937846,0.023052472656160675,-2.058031389024405,-3.210125177691366,0.8088503855834397,-50.421344260593216,-86.03255990342012,14.971989209721809,320.125,0.0625,-1.625,-1.625,-0.1875,0.625,321.75,0.25,-2.25,-0.9399731255776635,0.34095328744466763,-0.005348092093673937,0.01314446208063911,-0.0010908307824964,0.0032724923474893,0.0,-0.0003636102608321331,0.001454441043328646,-0.0007272205216642862,-0.0003636102608321331,0.001454441043328646,-0.0007272205216642862,True,3,True,5,True,2.0
39.59850573539734,-2,-0.01,-0.01,-0.03,320.125,0.0625,-1.625,0.0010908307824964,0.0,0.0,,,39.59850573539734,1.0152151584625244,-2,-0.01,-0.01,-0.03,-0.02572065677779862,-0.024718650321210362,-0.003585845759548008,-0.02572065677779862,-0.024718650321210362,-0.003585845759548008,-0.010777134875008188,-0.026612981533105165,-0.016601282414454785,-0.02629916434805095,-0.02053161326882402,0.013123603154946244,-2.0829694703801955,-3.2328720093746393,0.8272136358520022,-52.52334768243016,-89.30307410854053,15.802467707110017,320.125,0.0625,-1.625,-1.625,-0.1875,0.625,321.75,0.25,-2.25,-0.9399731255776635,0.34095328744466763,-0.005348092093673937,0.01314446208063911,0.0010908307824964,0.0,0.0,-0.0007272205216642997,0.0007272205216643459,1.3733227518149723e-17,-0.0007272205216642997,0.0007272205216643459,1.3733227518149723e-17,True,3,True,5,True,2.0
40.61314797401428,0,-0.02,-0.04,0.0,320.125,0.0625,-1.625,0.0,-0.0021816615649929,0.0010908307824964,,,40.61314797401428,1.0146422386169434,0,-0.02,-0.04,0.0,-0.02227058593088532,-0.024052264069963677,-0.003969880502993019,-0.02227058593088532,-0.024052264069963677,-0.003969880502993019,-0.02083450416310917,-0.03011909068430794,0.02566639461684912,-0.022843749646197807,-0.020364329543708145,0.012397884502662146,-2.1079007085138377,-3.253619384857468,0.8401612255368774,-54.64946463246318,-92.59380818304713,16.64836218809663,320.125,0.0625,-1.625,-1.625,-0.1875,0.625,321.75,0.25,-2.25,-0.9399731255776635,0.34095328744466763,-0.005348092093673937,0.01314446208063911,0.0,-0.0021816615649929,0.0010908307824964,1.4456028966473392e-19,0.0003636102608321793,0.00036361026083214706,1.4456028966473392e-19,0.0003636102608321793,0.00036361026083214706,True,3,True,5,True,2.0
41.62761640548706,-1,-0.02,-0.04,-0.03,320.125,0.0625,-1.625,0.0,0.0010908307824964,0.0010908307824964,,,41.62761640548706,1.0144684314727783,-1,-0.02,-0.04,-0.03,-0.022019681572917855,-0.025858327790338753,-0.011415914264638744,-0.022019681572917855,-0.025858327790338753,-0.011415914264638744,-0.021405026787064383,-0.04934408845320483,0.002643059395351234,-0.022772593594872513,-0.026528643620917877,0.007841086645356661,-2.131038878602484,-3.2774051053241746,0.8504271241944542,-56.79959982948806,-95.90656726827957,17.50588644380568,320.125,0.0625,-1.625,-1.625,-0.1875,0.625,321.75,0.25,-2.25,-0.9399731255776635,0.34095328744466763,-0.005348092093673937,0.01314446208063911,0.0,0.0010908307824964,0.0010908307824964,0.0003636102608321335,-0.00036361026083212076,0.0007272205216642805,0.0003636102608321335,-0.00036361026083212076,0.0007272205216642805,True,3,True,5,True,2.0
42.64032697677612,-1,-0.05,-0.03,0.0,320.125,0.0625,-1.625,-0.0010908307824964,0.0021816615649929,0.0,,,42.64032697677612,1.0127105712890625,-1,-0.05,-0.03,0.0,-0.025710018178398387,-0.02969826292196558,-0.013811739210708277,-0.025710018178398387,-0.02969826292196558,-0.013811739210708277,-0.05061178159426165,-0.02159679566515003,0.019287975032452588,-0.026587890627651233,-0.030905148052118504,0.008468287382291575,-2.156032820690532,-3.3064870093124235,0.8586854619389075,-58.97038124436216,-99.24035584063917,18.3713046355559,320.125,0.0625,-1.625,-1.625,-0.1875,0.625,321.75,0.25,-2.25,-0.9399731255776635,0.34095328744466763,-0.005348092093673937,0.01314446208063911,-0.0010908307824964,0.0021816615649929,0.0,-0.0003636102608321332,0.00036361026083217915,0.0007272205216642805,-0.0003636102608321332,0.00036361026083217915,0.0007272205216642805,True,3,True,5,True,2.0
43.66081190109253,-1,-0.01,-0.03,-0.01,320.125,0.0625,-1.625,0.0,-0.0054541539124822,0.0,,,43.66081190109253,1.0204849243164062,-1,-0.01,-0.03,-0.01,-0.02226837920024981,-0.029978172625632904,-0.013986381392856025,-0.02226837920024981,-0.029978172625632904,-0.013986381392856025,-0.010818066120041265,-0.029139439509731954,0.011569896735973383,-0.02315685505406516,-0.03132939626936122,0.008509959109604798,-2.1814147022066046,-3.338241716438309,0.8673484842320616,-61.18353114792719,-102.63077858603957,19.252000446018815,320.125,0.0625,-1.625,-1.625,-0.1875,0.625,321.75,0.25,-2.25,-0.9399731255776635,0.34095328744466763,-0.005348092093673937,0.01314446208063911,0.0,-0.0054541539124822,0.0,-0.0003636102608321332,-0.0007272205216642541,0.00036361026083214706,-0.0003636102608321332,-0.0007272205216642541,0.00036361026083214706,True,3,True,5,True,2.0
44.68052554130554,0,-0.04,-0.01,0.0,320.125,0.0625,-1.625,-0.0010908307824964,0.0021816615649929,0.0,,,44.68052554130554,1.0197136402130127,0,-0.04,-0.01,0.0,-0.027585089075836806,-0.02999841992057968,-0.008433352994359166,-0.027585089075836806,-0.02999841992057968,-0.008433352994359166,-0.04019452951270707,-0.006537250322996058,0.006454777724028034,-0.028366245793426524,-0.027635593724354715,0.012790380716384792,-2.2076841065667336,-3.368305418734117,0.8782086077629286,-63.421343109701624,-106.05015738227299,20.141984634257742,320.125,0.0625,-1.625,-1.625,-0.1875,0.625,321.75,0.25,-2.25,-0.9399731255776635,0.34095328744466763,-0.005348092093673937,0.01314446208063911,-0.0010908307824964,0.0021816615649929,0.0,-0.0007272205216642666,-0.00036361026083208753,1.3733227518149723e-17,-0.0007272205216642666,-0.00036361026083208753,1.3733227518149723e-17,True,3,True,5,True,2.0
45.69526624679565,0,-0.01,-0.03,0.0,320.125,0.0625,-1.625,0.0021816615649929,-0.0010908307824964,0.0010908307824964,,,45.69526624679565,1.0147407054901052,0,-0.01,-0.03,0.0,-0.026115265727534403,-0.028145322638062634,-0.008031512896615993,-0.026115265727534403,-0.028145322638062634,-0.008031512896615993,-0.010627891912056193,-0.02273110692009966,0.019244341809806012,-0.026850338856173456,-0.025998147162829697,0.01190911991867555,-2.235699364597778,-3.3955175887670848,0.8907404021127658,-65.6757841488479,-109.48192064749398,21.039496917386384,320.125,0.0625,-1.625,-1.625,-0.1875,0.625,321.75,0.25,-2.25,-0.9399731255776635,0.34095328744466763,-0.005348092093673937,0.01314446208063911,0.0021816615649929,-0.0010908307824964,0.0010908307824964,0.0003636102608321667,-0.0014544410433285206,0.00036361026083214706,0.0003636102608321667,-0.0014544410433285206,0.00036361026083214706,True,3,True,5,True,2.0
46.70792007446289,-1,-0.04,-0.01,0.0,320.125,0.0625,-1.625,0.0,0.0,-0.0010908307824964,,,46.70792007446289,1.0126538276672434,-1,-0.04,-0.01,0.0,-0.029716967155900578,-0.02244773413627989,-0.0024394422191116507,-0.029716967155900578,-0.02244773413627989,-0.0024394422191116507,-0.04019452951270707,-0.006537250322996058,0.006454777724028034,-0.030224229001836897,-0.017941485920810615,0.01255184637159965,-2.2645977543997122,-3.417765407581306,0.9031256476839091,-67.95440570044424,-112.93166920011015,21.947779578210845,320.125,0.0625,-1.625,-1.625,-0.1875,0.625,321.75,0.25,-2.25,-0.9399731255776635,0.34095328744466763,-0.005348092093673937,0.01314446208063911,0.0,0.0,-0.0010908307824964,0.0003636102608321667,0.00036361026083221265,1.3733227518149723e-17,0.0003636102608321667,0.00036361026083221265,1.3733227518149723e-17,True,3,True,5,True,2.0
47.72242498397827,-1,-0.03,-0.01,-0.02,320.125,0.0625,-1.625,0.0,-0.0043633231299858,0.0,,,47.72242498397827,1.0145049095153809,-1,-0.03,-0.01,-0.02,-0.026270351532211814,-0.01832350346080009,-0.005741024816411433,-0.026270351532211814,-0.01832350346080009,-0.005741024816411433,-0.030578905508125847,-0.019637493315998057,-0.008905020729298867,-0.026754916390484083,-0.016991059269850818,0.007370201386204521,-2.2935005657699623,-3.4354850268802033,0.9132311553128553,-70.26651226237722,-116.40799730605995,22.869131025246784,320.125,0.0625,-1.625,-1.625,-0.1875,0.625,321.75,0.25,-2.25,-0.9399731255776635,0.34095328744466763,-0.005348092093673937,0.01314446208063911,0.0,-0.0043633231299858,0.0,0.0007272205216643001,-0.0018180513041606873,1.3733227518149723e-17,0.0007272205216643001,-0.0018180513041606873,1.3733227518149723e-17,True,3,True,5,True,2.0
48.7371826171875,-1,-0.33,0.03,0.37,320.125,0.0625,-1.625,0.0,-0.011999138607461,0.0032724923474893,,,48.7371826171875,1.0147576332092285,-1,-0.33,0.03,0.37,-0.08536573005330643,-0.006896136148549845,0.06449229105326264,-0.08536573005330643,-0.006896136148549845,0.06449229105326264,-0.32219872469124256,0.26948105840356645,0.26508100831449716,-0.08425013138503334,0.038459174451979126,0.054008586619989564,-2.349822175547443,-3.4245925600043634,0.9443734521360635,-72.62243585998014,-119.88865535390929,23.811640252693493,320.125,0.0625,-1.625,-1.625,-0.1875,0.625,321.75,0.25,-2.25,-0.9399731255776635,0.34095328744466763,-0.005348092093673937,0.01314446208063911,0.0,-0.011999138607461,0.0032724923474893,1.4456028966473392e-19,-0.005454153912482221,0.0007272205216643138,1.4456028966473392e-19,-0.005454153912482221,0.0007272205216643138,True,3,True,5,True,2.0
49.7522611618042,0,0.11,-0.02,-0.1,320.125,0.0625,-1.625,0.0010908307824964,-0.0065449846949787,0.0,,,49.7522611618042,1.0150785446166992,0,0.11,-0.02,-0.1,-0.061843995402898554,-0.007919753152650345,0.05105353632730163,-0.061843995402898554,-0.007919753152650345,0.05105353632730163,0.10763267488521108,-0.08254580500332581,-0.06404215309784146,-0.06101500220498865,0.028394875167867692,0.04432568554509,-2.423549935741498,-3.39066150430944,0.9942819570736992,-75.0451096678007,-123.34766444230763,24.795584008340462,320.125,0.0625,-1.625,-1.625,-0.1875,0.625,321.75,0.25,-2.25,-0.9399731255776635,0.34095328744466763,-0.005348092093673937,0.01314446208063911,0.0010908307824964,-0.0065449846949787,0.0,0.0003636102608321335,-0.00763581547747512,0.001090830782496447,0.0003636102608321335,-0.00763581547747512,0.001090830782496447,True,3,True,5,True,2.0
50.77152109146118,-1,-0.02,-0.04,0.0,320.125,0.0625,-1.625,-0.0032724923474893,-0.0032724923474893,-0.0010908307824964,,,50.77152109146118,1.0192599296569824,-1,-0.02,-0.04,0.0,-0.06198870219436169,-0.009849349153821756,0.050076296781504444,-0.06198870219436169,-0.009849349153821756,0.050076296781504444,-0.02083450416310917,-0.03011909068430794,0.02566639461684912,-0.061218880267767554,0.026292429674147924,0.044812958153141264,-2.4858439849669387,-3.3627912150662387,1.039709680926488,-77.54708391894056,-126.78942631415394,25.832167095275942,320.125,0.0625,-1.625,-1.625,-0.1875,0.625,321.75,0.25,-2.25,-0.9399731255776635,0.34095328744466763,-0.005348092093673937,0.01314446208063911,-0.0032724923474893,-0.0032724923474893,-0.0010908307824964,-0.0007272205216642997,-0.007272205216642954,0.0007272205216643136,-0.0007272205216642997,-0.007272205216642954,0.0007272205216643136,True,3,True,5,True,2.0
51.79145860671997,-2,-0.02,-0.02,-0.01,320.125,0.0625,-1.625,-0.0010908307824964,0.0021816615649929,0.0021816615649929,,,51.79145860671997,1.019937515258789,-2,-0.02,-0.02,-0.01,-0.05828868259113,-0.011844346499528504,0.048150272120011106,-0.05828868259113,-0.011844346499528504,0.048150272120011106,-0.02060339871009102,-0.02118430011804886,0.005169660540253575,-0.05759900148855822,0.02342277016794984,0.04460982663743472,-2.5464373925103683,-3.337438016367467,1.0853125073898988,-80.1133902010542,-130.20633389114033,26.915862020586548,320.125,0.0625,-1.625,-1.625,-0.1875,0.625,321.75,0.25,-2.25,-0.9399731255776635,0.34095328744466763,-0.005348092093673937,0.01314446208063911,-0.0010908307824964,0.0021816615649929,0.0021816615649929,-0.0010908307824964332,-0.002545271825824988,0.00036361026083218023,-0.0010908307824964332,-0.002545271825824988,0.00036361026083218023,True,3,True,5,True,2.0
52.81125211715698,-1,0.02,-0.01,0.0,320.0625,0.0,-1.5625,-0.0010908307824964,0.0010908307824964,0.0032724923474893,,,52.81125211715698,1.0197935104370117,-1,0.02,-0.01,0.0,-0.04874474163822673,-0.011988733091733542,0.05172133918772637,-0.04874474163822673,-0.011988733091733542,0.05172133918772637,0.019783492122993143,-0.008209948441749562,0.006419516025627033,-0.04807191912921162,0.02533050775240904,0.047353272897803216,-2.6003186520543213,-3.31257887814961,1.1322041934427531,-82.73770440807897,-133.59715592780285,28.046566590983964,320.0625,0.0,-1.5625,-1.6875,-0.25,0.6875,321.75,0.25,-2.25,-0.9397916525103758,0.34147582297425205,-0.0046564428243641995,0.012815215023463838,-0.0010908307824964,0.0010908307824964,0.0032724923474893,-0.0018180513041607,4.568105153405592e-17,0.0014544410433286134,-0.0018180513041607,4.568105153405592e-17,0.0014544410433286134,True,3,True,5,True,2.0
53.83085870742798,0,-0.02,-0.01,0.0,320.0625,0.0,-1.5,0.0010908307824964,0.0043633231299858,0.0,,,53.83085870742798,1.019606590270996,0,-0.02,-0.01,0.0,0.009457477900361562,-0.019420009453752662,-0.016662806735167637,0.009457477900361562,-0.019420009453752662,-0.016662806735167637,-0.02019385698362641,-0.007141285186964637,0.006419516025627033,0.008784449740629452,-0.025825713651211474,-0.0003094202210628897,-2.6203475334061554,-3.3128313357485903,1.1561873045532243,-85.39921723222919,-136.97481188647254,29.213196117222374,320.0625,0.0,-1.5,-1.6875,-0.25,0.75,321.75,0.25,-2.25,-0.9397985023419021,0.34147831187894856,-0.004470195971414396,0.012302636310909564,0.0010908307824964,0.0043633231299858,0.0,-0.0003636102608321334,0.002545271825825079,0.001818051304160747,-0.0003636102608321334,0.002545271825825079,0.001818051304160747,True,3,True,5,True,2.0
54.84776067733765,0,-0.91,0.47,-0.01,311.875,29.5,10.4375,-0.770126532442498,-3.7764561690027305,0.3217950808364545,,,54.84776067733765,1.016901969909668,0,-0.91,0.47,-0.01,-0.17552428693859376,0.0709297005149314,-0.004919008696890737,-0.17552428693859376,0.0709297005149314,-0.004919008696890737,-1.0071164311306195,0.12591400142274817,0.1377031531680972,-0.1853213850040917,0.010280169073913919,0.03760713696862222,-2.710107912021771,-3.3207354832005764,1.1751513653700871,-88.10949255371487,-140.34765546933096,30.398567560208175,311.875,29.5,10.4375,-9.875,29.25,12.6875,321.75,0.25,-2.25,-0.8699081193002818,0.41380777209762964,-0.19564905468809082,-0.18369659530513663,-0.770126532442498,-3.7764561690027305,0.3217950808364545,-0.25670884414749934,-1.2570006716967492,0.10835585772798127,-0.25670884414749934,-1.2570006716967492,0.10835585772798127,True,3,True,5,True,2.0
55.859604358673096,-1,-2.0,0.15,-1.29,315.375,1.5625,21.3125,-0.2683443724941282,-0.4374231437810788,-0.3523383427463553,,,55.859604358673096,1.0118436813354492,-1,-2.0,0.15,-1.29,-0.5560714803903051,0.11271384372075652,-0.24325576436152294,-0.5560714803903051,0.11271384372075652,-0.24325576436152294,-1.597977546299958,-1.4815313239542318,-0.9685725051144014,-0.49130954440005353,-0.288989787380898,-0.23705084504349816,-3.052430277278629,-3.461740766306245,1.0742484374712495,-91.0248864813638,-143.77905833776657,31.53658804885928,315.375,1.5625,21.3125,-6.375,1.3125,23.5625,321.75,0.25,-2.25,-0.9081306750326126,0.37540838720612274,0.057801877932634846,-0.17614245027127903,-0.2683443724941282,-0.4374231437810788,-0.3523383427463553,-0.34579335805137656,-1.4031719965512746,-0.010181087303300251,-0.34579335805137656,-1.4031719965512746,-0.010181087303300251,True,3,True,5,True,2.0
56.874407052993774,-1,-0.13,0.0,-0.03,307.125,0.4375,-0.1875,0.1516254787670073,0.0076358154774751,-0.0338157542573901,,,56.874407052993774,1.0148026943206787,-1,-0.13,0.0,-0.03,-0.6042240358327479,0.11947018969086336,-0.26434616084903,-0.6042240358327479,0.11947018969086336,-0.26434616084903,-0.13021204787451404,-0.0234936282424666,-0.01711350403424283,-0.6066025594290929,-0.13667734407793147,-0.25018261923699336,-3.6095123578251807,-3.677724842250332,0.8270255213137291,-94.40516514912036,-147.40163280555308,32.501297016867646,307.125,0.4375,-0.1875,-14.625,0.1875,2.0625,321.75,0.25,-2.25,-0.8954156120234548,0.44521189132241573,-0.004147106242683907,-0.00023469041486384604,0.1516254787670073,0.0076358154774751,-0.0338157542573901,-0.2956151420565396,-1.4020811657687782,-0.02145300538909695,-0.2956151420565396,-1.4020811657687782,-0.02145300538909695,True,3,True,5,True,2.0
57.88832712173462,0,-0.05,0.02,0.0,315.6875,0.1875,-0.9375,-0.0010908307824964,0.0065449846949787,0.0010908307824964,,,57.88832712173462,1.0139200687408447,0,-0.05,0.02,0.0,-0.6207063836628747,0.12552480387478562,-0.26587964459623437,-0.6207063836628747,0.12552480387478562,-0.26587964459623437,-0.049804604809016335,0.0151277215279608,-0.013807729038121316,-0.6230987725607012,-0.08573435796029358,-0.2759029104898152,-4.232921787356081,-3.790478686360015,0.5603211830816444,-98.38096583290923,-151.1877135231027,33.20462634981162,315.6875,0.1875,-0.9375,-6.0625,-0.0625,1.3125,321.75,0.25,-2.25,-0.9261316408925412,0.37710817513242406,-0.004600751756625367,0.006959961871730076,-0.0010908307824964,0.0065449846949787,0.0010908307824964,-0.039269908169872414,-0.14108078120287507,-0.12835442207374964,-0.039269908169872414,-0.14108078120287507,-0.12835442207374964,True,3,True,5,True,2.0
58.90331816673279,0,-0.09,0.06,-0.03,319.5,0.125,-0.9375,0.0010908307824964,-0.0021816615649929,-0.0010908307824964,,,58.90331816673279,1.014991044998169,0,-0.09,0.06,-0.03,-0.6348881213916651,0.1389476222910073,-0.27155503707567613,-0.6348881213916651,0.1389476222910073,-0.27155503707567613,-0.08969479045230472,0.02761217479921111,-0.061582565459511004,-0.6366057479772835,-0.060296386947126066,-0.29534551621641314,-4.872216191200964,-3.864588635547736,0.27041516429358703,-103.00178258876329,-155.07262591339995,33.62622132648179,319.5,0.125,-0.9375,-2.25,-0.125,1.3125,321.75,0.25,-2.25,-0.938162469000707,0.34609689533602905,-0.003855003815244228,0.007297927297775873,0.0010908307824964,-0.0021816615649929,-0.0010908307824964,0.05054182625566911,0.003999712869153571,-0.011271918085796676,0.05054182625566911,0.003999712869153571,-0.011271918085796676,True,3,True,5,True,2.0
59.91579556465149,-1,-0.07,0.04,0.0,321.3125,0.125,-0.9375,0.0,0.0,0.0010908307824964,,,59.91579556465149,1.0124773979187012,-1,-0.07,0.04,0.0,-0.48016105078851223,0.06019008914732685,-0.27011331474461825,-0.48016105078851223,0.06019008914732685,-0.27011331474461825,-0.0695341466215066,0.03236470327479838,-0.024850119427340323,-0.48263143333834135,-0.11397655810857285,-0.24741650729835685,-5.438817365697117,-3.9528123445165475,-0.004351976335074559,-108.22162680153357,-159.03009681479125,33.76091280859489,321.3125,0.125,-0.9375,-0.4375,-0.125,1.3125,321.75,0.25,-2.25,-0.9435191195746483,0.33121526263114953,-0.003739094763619153,0.0073579866545030945,0.0,0.0,0.0010908307824964,9.25185853854297e-18,0.0014544410433285377,0.00036361026083215714,9.25185853854297e-18,0.0014544410433285377,0.00036361026083215714,True,3,True,5,True,2.0
60.93589758872986,-2,-0.06,0.03,-0.02,321.875,0.125,-0.9375,-0.0010908307824964,0.0043633231299858,-0.0021816615649929,,,60.93589758872986,1.0201020240783691,-2,-0.06,0.03,-0.02,-0.1089573505367949,0.032184682873192164,-0.034388717034371796,-0.1089573505367949,0.032184682873192164,-0.034388717034371796,-0.05988243903193282,0.012233805839047977,-0.03412370862434685,-0.10897797942311423,0.005871562998434984,-0.04668475828069309,-5.740568345408005,-4.0079514066789645,-0.15435862448567397,-113.92368379745915,-163.0904924226934,33.67996230602492,321.875,0.125,-0.9375,0.125,-0.125,1.3125,321.75,0.25,-2.25,-0.9451335948032793,0.32657980215710175,-0.0037029314281508737,0.007376252171501619,-0.0010908307824964,0.0043633231299858,-0.0021816615649929,9.25185853854297e-18,0.0007272205216642376,-0.0007272205216642761,9.25185853854297e-18,0.0007272205216642376,-0.0007272205216642761,True,3,True,5,True,2.0
61.95577669143677,-1,-0.08,0.02,-0.01,321.875,0.125,-0.9375,0.0,0.0,0.0010908307824964,,,61.95577669143677,1.0198791027069092,-1,-0.08,0.02,-0.01,-0.07281969067850981,0.033868609319923734,-0.013620470998560074,-0.07281969067850981,0.033868609319923734,-0.013620470998560074,-0.0798767850250623,0.01086789979121666,-0.020039659882045317,-0.0725804099716368,0.019424419890379244,-0.03146558879591249,-5.83315214904042,-3.995051984513598,-0.19421057741203498,-119.82558163388846,-167.1715403814783,33.50221308359357,321.875,0.125,-0.9375,0.125,-0.125,1.3125,321.75,0.25,-2.25,-0.9451335948032793,0.32657980215710175,-0.0037029314281508737,0.007376252171501619,0.0,0.0,0.0010908307824964,-0.00036361026083212407,0.0014544410433285377,-9.396418828207706e-18,-0.00036361026083212407,0.0014544410433285377,-9.396418828207706e-18,True,3,True,5,True,2.0
62.97460460662842,-1,-0.05,0.03,-0.01,321.875,0.125,-0.9375,0.0,0.0065449846949787,0.0,,,62.97460460662842,1.0188279151916504,-1,-0.05,0.03,-0.01,-0.07020428145878249,0.03584558462363262,-0.013972503814458994,-0.07020428145878249,0.03584558462363262,-0.013972503814458994,-0.04976562745054145,0.018242873485101258,-0.026278886800252883,-0.06994673357516885,0.020719382688231938,-0.03296876670702092,-5.905757465299427,-3.974602171169082,-0.22703433745392063,-125.80554603838901,-171.23139344559465,33.28762504439458,321.875,0.125,-0.9375,0.125,-0.125,1.3125,321.75,0.25,-2.25,-0.9451335948032793,0.32657980215710175,-0.0037029314281508737,0.007376252171501619,0.0,0.0065449846949787,0.0,-0.00036361026083212407,0.0036361026083214375,-0.0003636102608321427,-0.00036361026083212407,0.0036361026083214375,-0.0003636102608321427,True,3,True,5,True,2.0
63.99318242073059,-2,-0.06,0.02,-0.01,321.875,0.125,-0.9375,0.0,0.0,0.0010908307824964,,,63.99318242073059,1.0185778141021729,-2,-0.06,0.02,-0.01,-0.06444959127156387,0.028568527780458652,-0.010287866218368814,-0.06444959127156387,0.028568527780458652,-0.010287866218368814,-0.059879509856952666,0.010540665937447314,-0.02008329307873205,-0.06423314889308752,0.017175631598531985,-0.025590057608600468,-5.9740937909899285,-3.9553026607602906,-0.25685769708782,-131.8558225006341,-175.27000601046709,33.04118419899209,321.875,0.125,-0.9375,0.125,-0.125,1.3125,321.75,0.25,-2.25,-0.9451335948032793,0.32657980215710175,-0.0037029314281508737,0.007376252171501619,0.0,0.0,0.0010908307824964,9.25185853854297e-18,0.0021816615649928378,0.0007272205216642905,9.25185853854297e-18,0.0021816615649928378,0.0007272205216642905,True,3,True,5,True,2.0
65.01092910766602,-1,-0.05,0.06,0.0,321.875,0.125,-0.9375,-0.0010908307824964,0.0010908307824964,0.0,,,65.01092910766602,1.0177466869354248,-1,-0.05,0.06,0.0,-0.06032268242712692,0.031751151124487086,-0.010020875933172708,-0.06032268242712692,0.031751151124487086,-0.010020875933172708,-0.04930171898613569,0.04801303148165505,-0.036933579747347935,-0.06006696908817584,0.019776308724991094,-0.027353910235577556,-6.0373468076204855,-3.93649880334024,-0.28379947102113395,-137.96812443791282,-179.2859334074873,32.766058178186704,321.875,0.125,-0.9375,0.125,-0.125,1.3125,321.75,0.25,-2.25,-0.9451335948032793,0.32657980215710175,-0.0037029314281508737,0.007376252171501619,-0.0010908307824964,0.0010908307824964,0.0,-0.00036361026083212407,0.0025452718258249713,0.0003636102608321572,-0.00036361026083212407,0.0025452718258249713,0.0003636102608321572,True,3,True,5,True,2.0
66.02538394927979,0,0.02,0.68,0.36,358.0625,-0.0625,-1.3125,0.0152716309549503,-0.0283616003449078,-0.6643159465403417,,,66.02538394927979,1.0144548416137695,0,0.02,0.68,0.36,-0.04518727553178624,0.15252598909501278,0.060470410957060225,-0.04518727553178624,0.15252598909501278,0.060470410957060225,0.03547302813411991,0.6911514046986353,0.33682547418225234,-0.04169717003001081,0.15547913742700487,0.055229717156220964,-6.088964369436036,-3.847604435406203,-0.2696600973738653,-144.1189219801529,-183.23424401657118,32.485328308788816,358.0625,-0.0625,-1.3125,36.3125,-0.3125,0.9375,321.75,0.25,-2.25,-0.9997912271308222,0.01691220605075267,0.00035165697993364117,0.01146105475557398,0.0152716309549503,-0.0283616003449078,-0.6643159465403417,0.004726933390817976,-0.009090256520803862,-0.22107503858594837,0.004726933390817976,-0.009090256520803862,-0.22107503858594837,True,3,True,5,True,2.0
67.04057121276855,0,0.04,-0.04,0.0,354.6875,0.0,-1.375,-0.0021816615649929,-0.0032724923474893,0.011999138607461,,,67.04057121276855,1.0151872634887695,0,0.04,-0.04,0.0,-0.02183084057953959,0.15018361189294918,0.06745268089239449,-0.02183084057953959,0.15018361189294918,0.06745268089239449,0.03903276622226969,-0.04077655152621275,0.003703512747076627,-0.018086370566820064,0.15626279327079118,0.053257766383149316,-6.11931011392612,-3.6893662166363024,-0.2145925416053072,-150.315764362495,-187.0599623221923,32.23952475308757,354.6875,0.0,-1.375,32.9375,-0.25,0.875,321.75,0.25,-2.25,-0.9988536419184841,0.04634036694656732,-0.0005560711739531567,0.011985958546885037,-0.0021816615649929,-0.0032724923474893,0.011999138607461,0.003999712869153676,-0.010181087303300295,-0.21743893597762687,0.003999712869153676,-0.010181087303300295,-0.21743893597762687,True,3,True,5,True,2.0
68.05240893363953,-2,-0.02,-0.06,0.01,349.5625,0.0,-1.375,-0.0032724923474893,0.0010908307824964,0.0010908307824964,,,68.05240893363953,1.0118377208709717,-2,-0.02,-0.06,0.01,-0.014570963733809675,0.13332580695968632,0.07166844500662077,-0.014570963733809675,0.13332580695968632,0.07166844500662077,-0.021366704215976664,-0.05669916947241944,0.020704302260274886,-0.011108868143688676,0.14441149017219837,0.0463288716683426,-6.134080535824682,-3.537249425794569,-0.16420978316769522,-156.51498579648776,-190.71604347281618,32.0478815126081,349.5625,0.0,-1.375,27.8125,-0.25,0.875,321.75,0.25,-2.25,-0.9957829954646088,0.09095192975463907,-0.001091397191789255,0.011949111666057131,-0.0032724923474893,0.0010908307824964,0.0010908307824964,0.003272492347489376,-0.010181087303300295,-0.21707532571679475,0.003272492347489376,-0.010181087303300295,-0.21707532571679475,True,3,True,5,True,2.0
69.06794738769531,-2,-0.07,0.0,-0.01,322.6875,0.0625,-1.0,-0.0021816615649929,0.0032724923474893,-0.0021816615649929,,,69.06794738769531,1.0155384540557861,-2,-0.07,0.0,-0.01,-0.01589615794076906,0.12838700400741665,0.07197590729215537,-0.01589615794076906,0.12838700400741665,0.07197590729215537,-0.07010376136844182,-0.004838876960562287,-0.007877049686088352,-0.013372647944776833,0.14599615676664152,-0.02056055354611181,-6.1465114963253935,-3.389789359385445,-0.15112542419296124,-162.75069252009752,-194.23338060235926,31.8877639981119,322.6875,0.0625,-1.0,0.9375,-0.1875,1.25,321.75,0.25,-2.25,-0.9474201211951881,0.31987288741010605,-0.0033082644889264475,0.008093530780065854,-0.0021816615649929,0.0032724923474893,-0.0021816615649929,-0.0025452718258250247,0.00036361026083207154,0.0036361026083215156,-0.0025452718258250247,0.00036361026083207154,0.0036361026083215156,True,3,True,5,True,2.0
70.08244752883911,-1,-0.07,0.01,0.0,328.25,0.0,-1.0,0.0043633231299858,-0.0021816615649929,-0.0065449846949787,,,70.08244752883911,1.0145001411437988,-1,-0.07,0.01,0.0,-0.0197015080366238,0.11875549623377792,0.07199824762269999,-0.0197015080366238,0.11875549623377792,0.07199824762269999,-0.06984093173449268,0.009723895572939071,-0.0052621392365186995,-0.017274883327929508,0.13919316890926292,-0.0012669255666567236,-6.162057458726328,-3.24512705380999,-0.16219741451331973,-168.9942149911866,-197.5989424211913,31.72883096606635,328.25,0.0,-1.0,6.5,-0.25,1.25,321.75,0.25,-2.25,-0.9618241305437388,0.27352913826862496,-0.0023870526265904702,0.00839371202521673,0.0043633231299858,-0.0021816615649929,-0.0065449846949787,-0.0003636102608321247,0.000727220521664205,-0.002545271825825051,-0.0003636102608321247,0.000727220521664205,-0.002545271825825051,True,3,True,5,True,2.0
71.10228657722473,-1,-0.08,0.0,0.0,330.5,0.0,-1.0,-0.0021816615649929,-0.0032724923474893,0.0,,,71.10228657722473,1.0198390483856201,-1,-0.08,0.0,0.0,-0.03853076369387105,-0.008101425244207913,0.005211344743037111,-0.03853076369387105,-0.008101425244207913,0.005211344743037111,-0.07998781561251131,0.001396192514982681,0.0,-0.038603168139824576,-0.003811795049940765,0.008525056241273764,-6.190550768143586,-3.1760934480670753,-0.15849635197318976,-175.2930511007723,-200.87324812424558,31.56530295324795,330.5,0.0,-1.0,8.75,-0.25,1.25,321.75,0.25,-2.25,-0.9670091167677837,0.254592253743484,-0.002221792938970699,0.008438960714490877,-0.0021816615649929,-0.0032724923474893,0.0,8.673617379884035e-18,-0.0007272205216643617,-0.0029088820866571847,8.673617379884035e-18,-0.0007272205216643617,-0.0029088820866571847,True,3,True,5,True,2.0
72.12069201469421,-1,0.56,0.59,-0.29,334.9375,-29.9375,14.875,-0.7374016089676042,2.50236581504687,-0.1832595714594046,,,72.12069201469421,1.0184054374694824,-1,0.56,0.59,-0.29,0.05656897455922199,0.09958542652353335,-0.053418690995672445,0.05656897455922199,0.09958542652353335,-0.053418690995672445,0.6106076292763403,0.5880600809583013,-0.16475334367727887,0.07371623611777786,0.08950378339658756,-0.05025785407846082,-6.172671098466094,-3.1324588546271768,-0.17974680609229274,-181.58843728757074,-204.0855801080578,31.393068617567582,334.9375,-29.9375,14.875,13.1875,-30.1875,17.125,321.75,0.25,-2.25,-0.9423731484796299,0.17520795664908825,0.27715058174575125,-0.06650245100319455,-0.7374016089676042,2.50236581504687,-0.1832595714594046,-0.24507331580087044,0.8323038870447959,-0.06326818538479442,-0.24507331580087044,0.8323038870447959,-0.06326818538479442,True,3,True,5,True,2.0
73.13725662231445,-2,0.15,-0.01,0.08,331.1875,-72.0,54.25,-0.0370882466048795,0.0174532925199432,-0.0305432619099007,,,73.13725662231445,1.0165646076202393,-2,0.15,-0.01,0.08,0.09499219990656621,0.11666314301338657,-0.044683775971157226,0.09499219990656621,0.11666314301338657,-0.044683775971157226,-0.03872539804417733,-0.002798381772092698,0.16580866263792626,0.004664846434752429,0.1445806221203363,0.06086977682666651,-6.132831381251163,-3.0134778937050126,-0.17435295354997973,-187.84310643750257,-207.20945099757137,31.213085975958,331.1875,-72.0,54.25,9.4375,-72.25,56.5,321.75,0.25,-2.25,-0.7640705389198559,-0.08042231888378279,0.598457738561602,-0.22710525607261733,-0.0370882466048795,0.0174532925199432,-0.0305432619099007,-0.2588905057124922,0.8388488717397746,-0.07126761112310176,-0.2588905057124922,0.8388488717397746,-0.07126761112310176,True,3,True,5,True,2.0
74.15060615539551,0,0.21,0.09,-0.11,331.6875,-70.9375,51.125,0.0272707695624114,-0.1243547092045959,0.0,,,74.15060615539551,1.0133495330810547,0,0.21,0.09,-0.11,0.14970356344655739,0.13459205767619817,-0.06259355998934713,0.14970356344655739,0.13459205767619817,-0.06259355998934713,0.10474515025812844,0.1730475682823755,0.15291498490651168,0.03210669371527318,0.1813190013372854,0.10264849060251018,-6.114200169730313,-2.8483527780739766,-0.09150237357519012,-194.04836828941058,-210.17949268469508,31.078383790153296,331.6875,-70.9375,51.125,9.9375,-71.1875,53.375,321.75,0.25,-2.25,-0.7736345629478091,-0.06308936464272322,0.5935107032900382,-0.21273067517801597,0.0272707695624114,-0.1243547092045959,0.0,-0.24907302867002412,0.7984881327874058,-0.07126761112310176,-0.24907302867002412,0.7984881327874058,-0.07126761112310176,True,3,True,5,True,2.0
75.16490769386292,0,0.03,0.45,0.02,319.4375,0.8125,-0.75,-0.0272707695624114,0.0,-0.0054541539124822,,,75.16490769386292,1.0143015384674072,0,0.03,0.45,0.02,0.17223248369261998,0.21749575417287947,-0.0601886762104087,0.17223248369261998,0.21749575417287947,-0.0601886762104087,0.030705786957407926,0.354497670997069,-0.27782828492610334,0.17119717067152773,0.12386127814215124,-0.18958117205349295,-6.011094458518362,-2.6935803645810235,-0.13559034984460455,-200.1977207873122,-212.99008834103432,30.96321354078357,319.4375,0.8125,-0.75,-2.3125,0.5625,1.5,321.75,0.25,-2.25,-0.9379748361049435,0.3465690436219131,-0.008919220631261948,0.003681350326676433,-0.0272707695624114,0.0,-0.0054541539124822,-0.012362748868293175,-0.0356338055615509,-0.011999138607460954,-0.012362748868293175,-0.0356338055615509,-0.011999138607460954,True,3,True,5,True,2.0
76.18066930770874,-1,-0.15,0.01,-0.05,318.1875,0.125,-0.9375,0.0021816615649929,-0.0010908307824964,-0.0010908307824964,,,76.18066930770874,1.0157616138458252,-1,-0.15,0.01,-0.05,0.1608887020795371,0.22538215810121903,-0.06928719759012794,0.1608887020795371,0.22538215810121903,-0.06928719759012794,-0.1504988641590344,-0.023422162243955442,-0.04360612574694456,0.16241906555697846,0.11914926955086727,-0.202253568834241,-5.8416571752600435,-2.5701599715279144,-0.33459569422709723,-206.21750585133245,-215.66344103037002,30.724415073316543,318.1875,0.125,-0.9375,-3.5625,-0.125,1.3125,321.75,0.25,-2.25,-0.9341369205775605,0.35681941205126877,-0.003938337565023577,0.007253295422295578,0.0021816615649929,-0.0010908307824964,-0.0010908307824964,0.0007272205216642911,-0.04181517999569743,-0.002181661564992854,0.0007272205216642911,-0.04181517999569743,-0.002181661564992854,True,3,True,5,True,2.0
77.19293189048767,-1,-0.1,0.03,0.0,318.6875,0.0625,-0.9375,-0.0021816615649929,0.0032724923474893,-0.0010908307824964,,,77.19293189048767,1.0122625827789307,-1,-0.1,0.03,0.0,0.037685435945149795,0.12211795691311819,-0.016175309669321757,0.037685435945149795,0.12211795691311819,-0.016175309669321757,-0.09963946649687641,0.024167113038460704,-0.019695871740141556,0.038905255796050114,0.08042108086692937,-0.09280872237859625,-5.739760636505528,-2.4691511723479067,-0.48393595271898504,-212.07922380452231,-218.21399408733322,30.310130593804576,318.6875,0.0625,-0.9375,-3.0625,-0.1875,1.3125,321.75,0.25,-2.25,-0.9356837851794354,0.3527444197559565,-0.00339631761334831,0.007462808451706715,-0.0021816615649929,0.0032724923474893,-0.0010908307824964,-0.00909025652080381,0.000727220521664305,-0.002545271825824987,-0.00909025652080381,0.000727220521664305,-0.002545271825824987,True,3,True,5,True,2.0
78.20864534378052,-1,-0.1,0.02,-1.31,318.375,0.0,-0.9375,0.0,-0.0021816615649929,-0.0021816615649929,,,78.20864534378052,1.0157134532928467,-1,-0.1,0.02,-1.31,-0.017663603182568252,0.12015387843737864,-0.2701054897751713,-0.017663603182568252,0.12015387843737864,-0.2701054897751713,-0.113979502537263,-0.8534698723563314,-0.9925209569482275,-0.01912728593426566,-0.08930120396624355,-0.2817186094147651,-5.72971626147181,-2.473661002597342,-0.6741421774831805,-217.90407479827587,-220.724234498929,29.721992825399294,318.375,0.0,-0.9375,-3.375,-0.25,1.3125,321.75,0.25,-2.25,-0.9347168994684302,0.35529901041644557,-0.0029068480861758074,0.007647305370063667,0.0,-0.0021816615649929,-0.0021816615649929,-9.25185853854297e-18,5.059610138265687e-18,-0.001454441043328554,-9.25185853854297e-18,5.059610138265687e-18,-0.001454441043328554,True,3,True,5,True,2.0
79.22356581687927,0,-0.12,0.03,-0.05,318.375,0.0,-0.9375,0.0,-0.0010908307824964,-0.0010908307824964,,,79.22356581687927,1.0149204730987549,0,-0.12,0.03,-0.05,-0.08288606383979934,0.10888366992396444,-0.2774260152192525,-0.08288606383979934,0.10888366992396444,-0.2774260152192525,-0.12016043663623391,-0.0088225202743295,-0.05730298948046829,-0.08455841822101247,-0.1015195244919552,-0.27970449966042144,-5.782332633429236,-2.570494934599264,-0.9590420812187617,-223.74598185365036,-223.28394306401074,28.893216755149687,318.375,0.0,-0.9375,-3.375,-0.25,1.3125,321.75,0.25,-2.25,-0.9347168994684302,0.35529901041644557,-0.0029068480861758074,0.007647305370063667,0.0,-0.0010908307824964,-0.0010908307824964,-0.0007272205216643092,5.059610138265687e-18,-0.001454441043328554,-0.0007272205216643092,5.059610138265687e-18,-0.001454441043328554,True,3,True,5,True,2.0
80.23868680000305,0,-0.11,0.05,-0.01,318.375,0.0,-0.9375,0.0043633231299858,0.0,0.0010908307824964,,,80.23868680000305,1.0151209831237793,0,-0.11,0.05,-0.01,-0.11359283179644397,0.03387971775647389,-0.2835221139807023,-0.11359283179644397,0.03387971775647389,-0.2835221139807023,-0.10948243183963073,0.03252856847376706,-0.040687705164190055,-0.1162446681928959,-0.16112448867561568,-0.23443982616574519,-5.884252346676624,-2.7038026590283835,-1.2200014279688471,-229.66747946100145,-225.9609681432761,27.78722036049168,318.375,0.0,-0.9375,-3.375,-0.25,1.3125,321.75,0.25,-2.25,-0.9347168994684302,0.35529901041644557,-0.0029068480861758074,0.007647305370063667,0.0043633231299858,0.0,0.0010908307824964,0.0014544410433285908,-0.0010908307824964282,-0.0007272205216642872,0.0014544410433285908,-0.0010908307824964282,-0.0007272205216642872,True,3,True,5,True,2.0
81.25335645675659,-1,-0.1,0.01,0.0,318.375,0.0,-0.9375,0.0,0.0,0.0,,,81.25335645675659,1.01466965675354,-1,-0.1,0.01,0.0,-0.10655217723730608,0.028427593603276013,-0.27469248137350305,-0.10655217723730608,0.028427593603276013,-0.27469248137350305,-0.0998643084846293,0.00911025580100211,-0.006642524379112816,-0.10917567520823537,-0.15945032875356438,-0.22421801550816955,-5.99861593790867,-2.866441429010731,-1.4526945253581425,-235.6960724027853,-228.78694697169814,26.431268617707243,318.375,0.0,-0.9375,-3.375,-0.25,1.3125,321.75,0.25,-2.25,-0.9347168994684302,0.35529901041644557,-0.0029068480861758074,0.007647305370063667,0.0,0.0,0.0,0.0014544410433285908,-0.00036361026083212835,1.2721305490496585e-17,0.0014544410433285908,-0.00036361026083212835,1.2721305490496585e-17,True,3,True,5,True,2.0
82.26650595664978,-2,-0.11,0.02,0.0,318.375,0.0,-0.9375,0.0021816615649929,-0.0043633231299858,0.0,,,82.26650595664978,1.0131494998931885,-2,-0.11,0.02,0.0,-0.10789456279774051,0.026176788681838245,-0.274050429721455,-0.10789456279774051,0.026176788681838245,-0.274050429721455,-0.109740664557398,0.01674795575562041,-0.013285048758225632,-0.11053843158978345,-0.16068420791480126,-0.22224297389566,-6.1099175566196156,-3.028613501872777,-1.6788603894262966,-241.82994972999592,-231.7732329492319,24.844901969806287,318.375,0.0,-0.9375,-3.375,-0.25,1.3125,321.75,0.25,-2.25,-0.9347168994684302,0.35529901041644557,-0.0029068480861758074,0.007647305370063667,0.0021816615649929,-0.0043633231299858,0.0,0.0021816615649928907,-0.001454441043328595,0.0003636102608321461,0.0021816615649928907,-0.001454441043328595,0.0003636102608321461,True,3,True,5,True,2.0
83.28104901313782,-1,-0.12,0.04,0.01,318.375,0.0,-0.9375,-0.0010908307824964,-0.0010908307824964,-0.0032724923474893,,,83.28104901313782,1.014543056488037,-1,-0.12,0.04,0.01,-0.11170140372675971,0.029721930553271082,-0.02920489106955282,-0.11170140372675971,0.029721930553271082,-0.02920489106955282,-0.11938603212262637,0.038501373545505785,-0.019095014247825295,-0.11164034426651037,0.004645221657776984,-0.04157376408904595,-6.222622523791623,-3.1077676368970253,-1.8126871092801502,-248.08589618371673,-234.88604438738344,23.073739334200887,318.375,0.0,-0.9375,-3.375,-0.25,1.3125,321.75,0.25,-2.25,-0.9347168994684302,0.35529901041644557,-0.0029068480861758074,0.007647305370063667,-0.0010908307824964,-0.0010908307824964,-0.0032724923474893,0.0003636102608321574,-0.0018180513041607283,-0.0010908307824964204,0.0003636102608321574,-0.0018180513041607283,-0.0010908307824964204,True,3,True,5,True,2.0
84.29569125175476,-1,-0.12,0.03,0.0,318.375,0.0,-0.9375,-0.0032724923474893,-0.0010908307824964,0.0,,,84.29569125175476,1.0146422386169434,-1,-0.12,0.03,0.0,-0.11197828449239491,0.02997977731228989,-0.0021239348610745043,-0.11197828449239491,0.02997977731228989,-0.0021239348610745043,-0.11961702063016671,0.024385655710238704,-0.019927573137338447,-0.11161970986435693,0.022828651897081317,-0.021501799162092834,-6.335887064350165,-3.093829560613435,-1.8446866746297301,-254.457093324819,-238.03224561912472,21.218276372418266,318.375,0.0,-0.9375,-3.375,-0.25,1.3125,321.75,0.25,-2.25,-0.9347168994684302,0.35529901041644557,-0.0029068480861758074,0.007647305370063667,-0.0032724923474893,-0.0010908307824964,0.0,-0.0007272205216642759,-0.0021816615649928616,-0.0010908307824964204,-0.0007272205216642759,-0.0021816615649928616,-0.0010908307824964204,True,3,True,5,True,2.0
85.31104683876038,-2,-0.11,0.03,-0.01,318.375,0.0,-0.9375,0.0010908307824964,-0.0054541539124822,0.0010908307824964,,,85.31104683876038,1.0153555870056152,-2,-0.11,0.03,-0.01,-0.11199842176179153,0.02628924198913759,-0.00015436319567896806,-0.11199842176179153,0.02628924198913759,-0.00015436319567896806,-0.10972704245228454,0.017580403197060196,-0.027402656405964416,-0.11166357570809596,0.02137876242875209,-0.017578080856255424,-6.449243030095645,-3.0713864380520315,-1.8645266618877996,-260.9478199608136,-241.1621888737954,19.33519113010386,318.375,0.0,-0.9375,-3.375,-0.25,1.3125,321.75,0.25,-2.25,-0.9347168994684302,0.35529901041644557,-0.0029068480861758074,0.007647305370063667,0.0010908307824964,-0.0054541539124822,0.0010908307824964,-0.0010908307824964425,-0.002545271825824995,-0.0007272205216642871,-0.0010908307824964425,-0.002545271825824995,-0.0007272205216642871,True,3,True,5,True,2.0
86.32558488845825,-2,-0.12,0.03,0.01,318.375,0.0,-0.9375,0.0010908307824964,0.0032724923474893,-0.0021816615649929,,,86.32558488845825,1.014538049697876,-2,-0.12,0.03,0.01,-0.11570895625534307,0.029730108261614274,0.0018433083412354423,-0.11570895625534307,0.029730108261614274,0.0018433083412354423,-0.11950833742895328,0.031027290907152345,-0.012452489868712478,-0.11530981854763456,0.02533798564427212,-0.018370408558094842,-6.564379602466403,-3.047688478812915,-1.8827622170578093,-267.54922762338543,-244.26620603985108,17.43430755465385,318.375,0.0,-0.9375,-3.375,-0.25,1.3125,321.75,0.25,-2.25,-0.9347168994684302,0.35529901041644557,-0.0029068480861758074,0.007647305370063667,0.0010908307824964,0.0032724923474893,-0.0021816615649929,-0.0003636102608321758,-0.0010908307824964286,-0.00036361026083215367,-0.0003636102608321758,-0.0010908307824964286,-0.00036361026083215367,True,3,True,5,True,2.0
87.33844590187073,-1,-0.1,0.03,0.0,318.375,0.0,-0.9375,0.0010908307824964,0.0021816615649929,-0.0010908307824964,,,87.33844590187073,1.0128610134124756,-1,-0.1,0.03,0.0,-0.11412448702572744,0.03183465225025403,0.0019885859696555253,-0.11412448702572744,0.03183465225025403,0.0019885859696555253,-0.0996196978719755,0.024058421077708968,-0.019927573137338447,-0.1136982428048892,0.026981502653704966,-0.01965976079628947,-6.680356271016975,-3.0211922938435594,-1.9020218549940742,-274.2567659229839,-247.33967240468724,15.517577439270916,318.375,0.0,-0.9375,-3.375,-0.25,1.3125,321.75,0.25,-2.25,-0.9347168994684302,0.35529901041644557,-0.0029068480861758074,0.007647305370063667,0.0010908307824964,0.0021816615649929,-0.0010908307824964,0.001090830782496391,4.625929269271485e-18,-0.0007272205216642871,0.001090830782496391,4.625929269271485e-18,-0.0007272205216642871,True,3,True,5,True,2.0
88.35304689407349,0,-0.11,0.02,-0.03,318.375,0.0,-0.9375,-0.0010908307824964,-0.0010908307824964,0.0010908307824964,,,88.35304689407349,1.0146009922027588,0,-0.11,0.02,-0.03,-0.11215450980935979,0.02827888679995376,-0.005419005679827878,-0.11215450980935979,0.02827888679995376,-0.005419005679827878,-0.11006671416103832,-0.0031769498351205128,-0.035710298564103536,-0.11185252626942718,0.019371809791008585,-0.022835071367273495,-6.794778288064423,-2.997677235444414,-1.9235795044323944,-281.09270836983876,-250.3930479028645,13.576847971747757,318.375,0.0,-0.9375,-3.375,-0.25,1.3125,321.75,0.25,-2.25,-0.9347168994684302,0.35529901041644557,-0.0029068480861758074,0.007647305370063667,-0.0010908307824964,-0.0010908307824964,0.0010908307824964,0.0003636102608321242,0.0014544410433286045,-0.0007272205216642871,0.0003636102608321242,0.0014544410433286045,-0.0007272205216642871,True,3,True,5,True,2.0
89.37367844581604,-1,-0.12,0.04,0.02,318.375,0.0,-0.9375,-0.0010908307824964,0.0032724923474893,0.0,,,89.37367844581604,1.0206315517425537,-1,-0.12,0.04,0.02,-0.11201117560363301,0.029875512894545573,-0.0022472946698697946,-0.11201117560363301,0.029875512894545573,-0.0022472946698697946,-0.11927734892141292,0.04514300874241942,-0.011619930979199328,-0.11165521249576933,0.022669330880372273,-0.02152475375269343,-6.9088378131856185,-2.9762229781241847,-1.9462170230060045,-288.0858798527903,-253.44162342532937,11.602029754384057,318.375,0.0,-0.9375,-3.375,-0.25,1.3125,321.75,0.25,-2.25,-0.9347168994684302,0.35529901041644557,-0.0029068480861758074,0.007647305370063667,-0.0010908307824964,0.0032724923474893,0.0,-0.0003636102608321425,0.0014544410433286045,1.286586578016132e-17,-0.0003636102608321425,0.0014544410433286045,1.286586578016132e-17,True,3,True,5,True,2.0
90.3903741836548,-1,-0.1,0.06,0.04,318.375,0.0,-0.9375,0.0,-0.0054541539124822,0.0,,,90.3903741836548,1.0166957378387593,-1,-0.1,0.06,0.04,-0.11014598940118372,0.03555542907169887,0.007256158234066356,-0.11014598940118372,0.03555542907169887,0.007256158234066356,-0.09881804914814103,0.07304720978042382,-0.00995481320017302,-0.1096175210138303,0.03319587622289014,-0.018193741740860435,-7.021321335715189,-2.9478240191465015,-1.9664078355468366,-295.16724656984184,-256.4531000917702,9.613055245657732,318.375,0.0,-0.9375,-3.375,-0.25,1.3125,321.75,0.25,-2.25,-0.9347168994684302,0.35529901041644557,-0.0029068480861758074,0.007647305370063667,0.0,-0.0054541539124822,0.0,-0.0007272205216642758,-0.0010908307824964289,0.0003636102608321462,-0.0007272205216642758,-0.0010908307824964289,0.0003636102608321462,True,3,True,5,True,2.0
91.40299534797668,0,-0.09,0.03,0.0,318.375,0.0,-0.9375,-0.0010908307824964,0.0,0.0010908307824964,,,91.40299534797668,1.0126211643218852,0,-0.09,0.03,0.0,-0.10444779610652563,0.03596760861144189,0.006091523549696831,-0.10444779610652563,0.03596760861144189,0.006091523549696831,-0.08962103649287986,0.0238948037614441,-0.019927573137338447,-0.1039277069393255,0.032637202436509374,-0.019338107129311097,-7.129441544397843,-2.9144920347650136,-1.9854106077978697,-302.3319275616933,-259.42125274583753,7.612207749013523,318.375,0.0,-0.9375,-3.375,-0.25,1.3125,321.75,0.25,-2.25,-0.9347168994684302,0.35529901041644557,-0.0029068480861758074,0.007647305370063667,-0.0010908307824964,0.0,0.0010908307824964,-0.0007272205216642758,-0.0007272205216642954,0.0003636102608321462,-0.0007272205216642758,-0.0007272205216642954,0.0003636102608321462,True,3,True,5,True,2.0
